code,name,time_key,open,close,high,low,pe_ratio,turnover_rate,volume,turnover,change_rate,last_close
HK.00027,GALAXY ENT,2023-09-13 00:00:00,48.65,48.7,49.45,48.35,0.0,0.00087,3808557,191390503.0,0.2057613168724309,48.6
HK.00027,GALAXY ENT,2023-09-14 00:00:00,48.75,48.75,49.05,48.4,0.0,0.00071,3116566,156532305.0,0.10266940451744795,48.7
HK.00027,GALAXY ENT,2023-09-15 00:00:00,48.85,49.0,49.5,48.3,0.0,0.00092,4009201,202993410.0,0.5128205128205128,48.75
HK.00027,GALAXY ENT,2023-09-18 00:00:00,48.85,49.9,50.15,47.9,0.0,0.00127,5551741,282996976.0,1.8367346938775482,49.0
HK.00027,GALAXY ENT,2023-09-19 00:00:00,50.35,49.8,50.35,49.6,0.0,0.00073,3171094,162857566.0,-0.20040080160320925,49.9
HK.00027,GALAXY ENT,2023-09-20 00:00:00,49.6,50.05,50.45,49.6,0.0,0.00092,4020592,207553780.0,0.5020080321285141,49.8
HK.00027,GALAXY ENT,2023-09-21 00:00:00,50.25,49.55,50.4,49.25,0.0,0.00117,5118987,261911307.0,-0.999000999000999,50.05
HK.00027,GALAXY ENT,2023-09-22 00:00:00,49.25,50.0,50.0,49.05,0.0,0.00109,4762573,243615733.0,0.9081735620585325,49.55
HK.00027,GALAXY ENT,2023-09-25 00:00:00,49.8,47.25,50.0,46.8,0.0,0.00309,13507149,660592843.0,-5.5,50.0
HK.00027,GALAXY ENT,2023-09-26 00:00:00,47.5,47.0,47.9,46.7,0.0,0.0015,6559381,318155744.0,-0.5291005291005291,47.25
HK.00027,GALAXY ENT,2023-09-27 00:00:00,46.4,46.7,47.15,46.4,0.0,0.00154,6729427,323036182.0,-0.6382978723404196,47.0
HK.00027,GALAXY ENT,2023-09-28 00:00:00,46.55,43.95,46.65,43.9,0.0,0.00457,19974455,916869649.0,-5.88865096359743,46.7
HK.00027,GALAXY ENT,2023-09-29 00:00:00,44.1,45.85,46.35,43.95,0.0,0.00274,11968425,560212359.0,4.323094425483501,43.95
HK.00027,GALAXY ENT,2023-10-03 00:00:00,45.1,45.15,45.35,44.3,0.0,0.0024,10490828,484920619.0,-1.5267175572519145,45.85
HK.00027,GALAXY ENT,2023-10-04 00:00:00,45.0,43.95,45.05,43.75,0.0,0.00121,5309673,241121789.0,-2.6578073089700904,45.15
HK.00027,GALAXY ENT,2023-10-05 00:00:00,44.05,44.3,45.05,44.05,0.0,0.00109,4765868,217961455.0,0.7963594994311589,43.95
HK.00027,GALAXY ENT,2023-10-06 00:00:00,44.65,44.8,45.15,44.65,0.0,0.0009,3949287,182452802.0,1.1286681715575622,44.3
HK.00027,GALAXY ENT,2023-10-09 00:00:00,44.7,44.05,44.75,43.75,0.0,0.00158,6923067,313686706.0,-1.6741071428571428,44.8
HK.00027,GALAXY ENT,2023-10-10 00:00:00,44.7,44.85,45.25,44.45,0.0,0.0014,6124948,283086829.0,1.8161180476731085,44.05
HK.00027,GALAXY ENT,2023-10-11 00:00:00,45.45,44.5,45.45,44.4,0.0,0.00105,4601622,211971561.0,-0.7803790412486096,44.85
HK.00027,GALAXY ENT,2023-10-12 00:00:00,44.85,44.95,45.1,44.25,0.0,0.00166,7279315,335056581.0,1.0112359550561862,44.5
HK.00027,GALAXY ENT,2023-10-13 00:00:00,44.25,43.85,44.65,43.45,0.0,0.0012,5265449,237797860.0,-2.447163515016688,44.95
HK.00027,GALAXY ENT,2023-10-16 00:00:00,43.7,42.5,44.0,41.95,0.0,0.00169,7397095,323502095.0,-3.078677309007985,43.85
HK.00027,GALAXY ENT,2023-10-17 00:00:00,42.85,42.5,43.2,41.9,0.0,0.00179,7831413,342654917.0,0.0,42.5
HK.00027,GALAXY ENT,2023-10-18 00:00:00,42.4,42.2,42.45,41.65,0.0,0.00208,9078243,393604324.0,-0.7058823529411699,42.5
HK.00027,GALAXY ENT,2023-10-19 00:00:00,41.7,42.0,42.5,41.5,0.0,0.00208,9089720,394362269.0,-0.47393364928910625,42.2
HK.00027,GALAXY ENT,2023-10-20 00:00:00,41.6,42.4,42.5,41.45,0.0,0.00151,6586274,286158257.0,0.952380952380949,42.0
HK.00027,GALAXY ENT,2023-10-24 00:00:00,42.35,42.15,43.2,40.95,0.0,0.00129,5621976,244393306.0,-0.589622641509434,42.4
HK.00027,GALAXY ENT,2023-10-25 00:00:00,43.05,42.65,43.4,42.45,0.0,0.00121,5279498,233568976.0,1.1862396204033214,42.15
HK.00027,GALAXY ENT,2023-10-26 00:00:00,42.7,42.8,43.1,42.35,0.0,0.00115,5044589,222117177.0,0.35169988276670244,42.65
HK.00027,GALAXY ENT,2023-10-27 00:00:00,43.35,42.7,43.35,42.15,0.0,0.00128,5586921,245770312.0,-0.23364485981307087,42.8
HK.00027,GALAXY ENT,2023-10-30 00:00:00,42.1,43.0,43.25,42.1,0.0,0.00128,5599418,247359839.0,0.7025761124121713,42.7
HK.00027,GALAXY ENT,2023-10-31 00:00:00,43.0,42.55,43.2,42.05,0.0,0.00148,6485090,284641910.0,-1.0465116279069833,43.0
HK.00027,GALAXY ENT,2023-11-01 00:00:00,42.85,42.7,43.5,42.4,0.0,0.00122,5354299,236974672.0,0.3525264394829746,42.55
HK.00027,GALAXY ENT,2023-11-02 00:00:00,43.2,42.3,43.35,42.2,0.0,0.0007,3080165,134955972.0,-0.9367681498829171,42.7
HK.00027,GALAXY ENT,2023-11-03 00:00:00,42.5,43.5,43.6,42.25,0.0,0.00087,3815016,169671369.0,2.8368794326241202,42.3
HK.00027,GALAXY ENT,2023-11-06 00:00:00,44.0,44.7,45.3,43.85,0.0,0.00162,7094553,326589112.0,2.758620689655179,43.5
HK.00027,GALAXY ENT,2023-11-07 00:00:00,44.7,43.65,44.7,43.45,0.0,0.00182,7950953,358846342.0,-2.3489932885906133,44.7
HK.00027,GALAXY ENT,2023-11-08 00:00:00,43.75,43.55,43.85,43.15,0.0,0.00126,5530158,248012880.0,-0.22909507445590246,43.65
HK.00027,GALAXY ENT,2023-11-09 00:00:00,43.7,42.8,43.75,42.8,0.0,0.00306,13380207,596345694.0,-1.7221584385763493,43.55
HK.00027,GALAXY ENT,2023-11-10 00:00:00,42.6,39.95,42.75,39.05,0.0,0.0043,18788929,780175036.0,-6.6588785046728844,42.8
HK.00027,GALAXY ENT,2023-11-13 00:00:00,39.7,40.05,40.65,39.2,0.0,0.00218,9545292,391939038.0,0.2503128911138781,39.95
HK.00027,GALAXY ENT,2023-11-14 00:00:00,40.35,40.25,40.6,39.5,0.0,0.00123,5371768,222628086.0,0.4993757802746638,40.05
HK.00027,GALAXY ENT,2023-11-15 00:00:00,41.5,41.9,42.1,41.15,0.0,0.00157,6845176,294759211.0,4.099378881987574,40.25
HK.00027,GALAXY ENT,2023-11-16 00:00:00,42.3,41.6,42.3,41.25,0.0,0.00156,6803356,291552139.0,-0.7159904534606137,41.9
HK.00027,GALAXY ENT,2023-11-17 00:00:00,41.5,41.8,41.95,41.2,0.0,0.00112,4906639,211062881.0,0.48076923076922046,41.6
HK.00027,GALAXY ENT,2023-11-20 00:00:00,41.7,42.6,43.2,41.55,0.0,0.00146,6398873,281229349.0,1.9138755980861348,41.8
HK.00027,GALAXY ENT,2023-11-21 00:00:00,42.7,42.9,43.6,42.7,0.0,0.00175,7634191,339454042.0,0.7042253521126693,42.6
HK.00027,GALAXY ENT,2023-11-22 00:00:00,42.9,42.5,43.15,42.45,0.0,0.00079,3470102,152642344.0,-0.9324009324009291,42.9
HK.00027,GALAXY ENT,2023-11-23 00:00:00,42.45,42.45,42.5,41.8,0.0,0.00094,4101984,178582780.0,-0.11764705882352272,42.5
HK.00027,GALAXY ENT,2023-11-24 00:00:00,42.05,42.05,42.5,41.75,0.0,0.0008,3511265,152330150.0,-0.9422850412249838,42.45
HK.00027,GALAXY ENT,2023-11-27 00:00:00,42.05,41.7,42.3,41.25,0.0,0.00084,3683874,158311043.0,-0.8323424494649092,42.05
HK.00027,GALAXY ENT,2023-11-28 00:00:00,42.05,41.0,42.05,40.9,0.0,0.00085,3726248,158785353.0,-1.6786570743405342,41.7
HK.00027,GALAXY ENT,2023-11-29 00:00:00,41.15,38.95,41.15,38.7,0.0,0.00308,13448860,543688541.0,-4.999999999999993,41.0
HK.00027,GALAXY ENT,2023-11-30 00:00:00,38.95,39.1,39.2,38.2,0.0,0.00275,12008999,482276635.0,0.38510911424903355,38.95
HK.00027,GALAXY ENT,2023-12-01 00:00:00,39.2,39.6,40.2,38.8,0.0,0.00189,8245230,336646741.0,1.278772378516624,39.1
HK.00027,GALAXY ENT,2023-12-04 00:00:00,39.0,39.45,40.15,39.0,0.0,0.00195,8510396,347353951.0,-0.3787878787878752,39.6
HK.00027,GALAXY ENT,2023-12-05 00:00:00,39.4,40.0,40.25,39.0,0.0,0.00195,8512820,350356007.0,1.3941698352344667,39.45
HK.00027,GALAXY ENT,2023-12-06 00:00:00,40.15,39.7,40.75,39.65,0.0,0.00204,8932370,368605476.0,-0.7499999999999929,40.0
HK.00027,GALAXY ENT,2023-12-07 00:00:00,39.7,39.75,40.05,38.65,0.0,0.00219,9564530,388349149.0,0.12594458438286438,39.7
HK.00027,GALAXY ENT,2023-12-08 00:00:00,39.85,40.6,40.7,39.6,0.0,0.00152,6656406,277419063.0,2.1383647798742174,39.75
HK.00027,GALAXY ENT,2023-12-11 00:00:00,38.8,39.85,40.15,38.8,0.0,0.00157,6881860,282327126.0,-1.8472906403940885,40.6
HK.00027,GALAXY ENT,2023-12-12 00:00:00,40.25,39.85,40.35,39.4,0.0,0.00139,6068978,250324563.0,0.0,39.85
HK.00027,GALAXY ENT,2023-12-13 00:00:00,39.75,39.9,40.1,39.6,0.0,0.00067,2948219,121342615.0,0.125470514429102,39.85
HK.00027,GALAXY ENT,2023-12-14 00:00:00,41.0,40.25,41.0,39.95,0.0,0.00173,7587564,316815130.0,0.877192982456144,39.9
HK.00027,GALAXY ENT,2023-12-15 00:00:00,40.65,41.2,41.9,40.65,0.0,0.00209,9149143,389951742.0,2.360248447204976,40.25
HK.00027,GALAXY ENT,2023-12-18 00:00:00,41.0,40.7,41.4,40.35,0.0,0.00119,5216557,220068582.0,-1.2135922330097086,41.2
HK.00027,GALAXY ENT,2023-12-19 00:00:00,40.7,40.8,41.15,40.1,0.0,0.00088,3849862,161124242.0,0.24570024570023172,40.7
HK.00027,GALAXY ENT,2023-12-20 00:00:00,41.4,41.55,41.8,40.9,0.0,0.0012,5266535,225353911.0,1.8382352941176472,40.8
HK.00027,GALAXY ENT,2023-12-21 00:00:00,40.8,41.2,41.2,40.0,0.0,0.00186,8129188,342857758.0,-0.8423586040914425,41.55
HK.00027,GALAXY ENT,2023-12-22 00:00:00,41.7,41.15,42.05,40.9,0.0,0.00266,11637967,496482558.0,-0.1213592233009812,41.2
HK.00027,GALAXY ENT,2023-12-27 00:00:00,41.15,41.0,41.2,40.65,0.0,0.00103,4483723,189351931.0,-0.36452004860266973,41.15
HK.00027,GALAXY ENT,2023-12-28 00:00:00,41.2,42.45,42.65,40.5,0.0,0.00168,7352222,319563700.0,3.5365853658536652,41.0
HK.00027,GALAXY ENT,2023-12-29 00:00:00,42.25,42.45,43.05,42.2,0.0,0.00064,2788186,122137660.0,0.0,42.45
HK.00027,GALAXY ENT,2024-01-02 00:00:00,43.55,43.15,43.85,42.55,0.0,0.00158,6918549,307650975.0,1.6489988221436884,42.45
HK.00027,GALAXY ENT,2024-01-03 00:00:00,42.85,42.9,43.15,42.55,0.0,0.00112,4895107,216243481.0,-0.5793742757821553,43.15
HK.00027,GALAXY ENT,2024-01-04 00:00:00,43.25,42.8,43.25,42.7,0.0,0.00109,4770536,210912491.0,-0.23310023310023645,42.9
HK.00027,GALAXY ENT,2024-01-05 00:00:00,42.8,41.55,43.1,41.45,0.0,0.00174,7600175,328853234.0,-2.9205607476635516,42.8
HK.00027,GALAXY ENT,2024-01-08 00:00:00,41.45,40.15,42.4,39.95,0.0,0.00192,8410316,351109309.0,-3.3694344163658214,41.55
HK.00027,GALAXY ENT,2024-01-09 00:00:00,40.1,39.75,40.15,39.1,0.0,0.00319,13952871,570640453.0,-0.9962640099626366,40.15
HK.00027,GALAXY ENT,2024-01-10 00:00:00,39.35,39.25,39.9,38.9,0.0,0.00114,5005052,203705413.0,-1.257861635220126,39.75
HK.00027,GALAXY ENT,2024-01-11 00:00:00,39.25,39.65,40.2,38.95,0.0,0.0019,8304571,339147701.0,1.0191082802547733,39.25
HK.00027,GALAXY ENT,2024-01-12 00:00:00,39.65,39.25,40.2,39.05,0.0,0.00111,4843750,197505433.0,-1.0088272383354315,39.65
HK.00027,GALAXY ENT,2024-01-15 00:00:00,39.25,38.7,39.25,38.4,0.0,0.00146,6403705,256201678.0,-1.4012738853503113,39.25
HK.00027,GALAXY ENT,2024-01-16 00:00:00,38.5,38.6,38.85,38.2,0.0,0.00151,6595073,262710262.0,-0.2583979328165411,38.7
HK.00027,GALAXY ENT,2024-01-17 00:00:00,38.6,37.5,38.7,37.3,0.0,0.00284,12423545,485952965.0,-2.8497409326424905,38.6
HK.00027,GALAXY ENT,2024-01-18 00:00:00,37.5,38.45,38.6,37.45,0.0,0.00192,8387878,331282477.0,2.5333333333333408,37.5
HK.00027,GALAXY ENT,2024-01-19 00:00:00,39.05,38.7,39.55,38.45,0.0,0.0018,7860570,316538924.0,0.6501950585175552,38.45
HK.00027,GALAXY ENT,2024-01-22 00:00:00,38.9,37.0,39.35,36.55,0.0,0.00199,8694047,335961794.0,-4.3927648578811445,38.7
HK.00027,GALAXY ENT,2024-01-23 00:00:00,37.0,37.2,37.8,36.45,0.0,0.00167,7293577,280743415.0,0.5405405405405482,37.0
HK.00027,GALAXY ENT,2024-01-24 00:00:00,37.5,39.0,39.2,37.5,0.0,0.00148,6464294,257240424.0,4.838709677419347,37.2
HK.00027,GALAXY ENT,2024-01-25 00:00:00,39.0,39.3,39.7,38.35,0.0,0.00142,6208966,251529123.0,0.769230769230762,39.0
HK.00027,GALAXY ENT,2024-01-26 00:00:00,39.45,40.1,41.1,39.2,0.0,0.00232,10145022,423210083.0,2.0356234096692223,39.3
HK.00027,GALAXY ENT,2024-01-29 00:00:00,40.45,40.4,41.0,40.2,0.0,0.00183,7987712,334333998.0,0.7481296758104666,40.1
HK.00027,GALAXY ENT,2024-01-30 00:00:00,40.2,39.55,40.3,39.3,0.0,0.0019,8290879,339739620.0,-2.1039603960396076,40.4
HK.00027,GALAXY ENT,2024-01-31 00:00:00,39.55,39.3,40.6,39.15,0.0,0.0019,8328012,340035315.0,-0.6321112515802781,39.55
HK.00027,GALAXY ENT,2024-02-01 00:00:00,39.6,41.7,41.85,39.6,0.0,0.00321,14024480,597249144.0,6.106870229007648,39.3
HK.00027,GALAXY ENT,2024-02-02 00:00:00,42.0,42.0,42.6,41.75,0.0,0.00307,13433991,582767079.0,0.7194244604316478,41.7
HK.00027,GALAXY ENT,2024-02-05 00:00:00,41.6,41.8,42.35,41.4,0.0,0.00206,8990803,387542471.0,-0.476190476190483,42.0
HK.00027,GALAXY ENT,2024-02-06 00:00:00,41.8,41.75,42.7,41.5,0.0,0.00332,14529948,629404829.0,-0.11961722488037599,41.8
HK.00027,GALAXY ENT,2024-02-07 00:00:00,42.15,41.65,42.5,41.05,0.0,0.00215,9407390,403921293.0,-0.23952095808383575,41.75
HK.00027,GALAXY ENT,2024-02-08 00:00:00,41.7,41.4,42.15,41.35,0.0,0.00116,5064314,216982950.0,-0.6002400960384154,41.65
HK.00027,GALAXY ENT,2024-02-09 00:00:00,41.4,41.55,42.0,40.5,0.0,0.00106,4637913,197942690.0,0.3623188405797067,41.4
HK.00027,GALAXY ENT,2024-02-14 00:00:00,41.85,43.05,43.45,41.25,0.0,0.00373,16292446,718099507.0,3.6101083032490973,41.55
HK.00027,GALAXY ENT,2024-02-15 00:00:00,42.9,43.2,43.5,42.4,0.0,0.0016,7015560,311857271.0,0.34843205574914216,43.05
HK.00027,GALAXY ENT,2024-02-16 00:00:00,43.2,44.35,44.6,42.95,0.0,0.00253,11046615,502659106.0,2.6620370370370336,43.2
HK.00027,GALAXY ENT,2024-02-19 00:00:00,44.35,42.95,44.4,42.35,0.0,0.00242,10586540,468019283.0,-3.1567080045095794,44.35
HK.00027,GALAXY ENT,2024-02-20 00:00:00,43.0,43.85,44.1,42.7,0.0,0.00288,12611043,563445751.0,2.095459837019787,42.95
HK.00027,GALAXY ENT,2024-02-21 00:00:00,44.05,43.8,44.15,43.45,0.0,0.0024,10516782,474394196.0,-0.11402508551882386,43.85
HK.00027,GALAXY ENT,2024-02-22 00:00:00,43.8,43.0,43.85,42.5,0.0,0.00184,8032990,355934038.0,-1.8264840182648339,43.8
HK.00027,GALAXY ENT,2024-02-23 00:00:00,42.6,42.15,43.3,41.6,0.0,0.00296,12964418,563554088.0,-1.9767441860465151,43.0
HK.00027,GALAXY ENT,2024-02-26 00:00:00,42.15,42.35,42.95,42.15,0.0,0.00111,4846206,212169647.0,0.4744958481613354,42.15
HK.00027,GALAXY ENT,2024-02-27 00:00:00,42.35,41.75,42.4,40.8,0.0,0.00223,9741987,415976645.0,-1.4167650531286928,42.35
HK.00027,GALAXY ENT,2024-02-28 00:00:00,41.6,40.75,42.1,40.5,0.0,0.00294,12874982,545048647.0,-2.3952095808383236,41.75
HK.00027,GALAXY ENT,2024-02-29 00:00:00,40.9,41.45,42.35,40.9,27.386,0.0031,13568410,582706397.0,1.717791411042952,40.75
HK.00027,GALAXY ENT,2024-03-01 00:00:00,40.7,40.7,42.2,40.6,26.905,0.00262,11468889,487030074.0,-1.80940892641737,41.45
HK.00027,GALAXY ENT,2024-03-04 00:00:00,40.7,38.95,41.1,38.75,25.784,0.0032,13991379,567268034.0,-4.2997542997543,40.7
HK.00027,GALAXY ENT,2024-03-05 00:00:00,38.4,37.7,38.7,37.05,24.983,0.0043,18803983,737035571.0,-3.209242618741977,38.95
HK.00027,GALAXY ENT,2024-03-06 00:00:00,37.7,38.35,38.6,37.7,25.4,0.00211,9223895,364684022.0,1.7241379310344789,37.7
HK.00027,GALAXY ENT,2024-03-07 00:00:00,38.4,38.45,39.0,38.25,25.464,0.00197,8610090,343546651.0,0.26075619295958646,38.35
HK.00027,GALAXY ENT,2024-03-08 00:00:00,38.45,37.75,38.9,37.55,25.016,0.00236,10339820,404665281.0,-1.820546163849162,38.45
HK.00027,GALAXY ENT,2024-03-11 00:00:00,37.7,38.1,38.5,37.7,25.24,0.00214,9348150,367614340.0,0.9271523178807984,37.75
HK.00027,GALAXY ENT,2024-03-12 00:00:00,38.35,39.3,39.35,37.9,26.008,0.00231,10123493,406590356.0,3.1496062992125875,38.1
HK.00027,GALAXY ENT,2024-03-13 00:00:00,39.3,39.75,40.05,39.15,26.297,0.00178,7795121,319636936.0,1.1450381679389385,39.3
HK.00027,GALAXY ENT,2024-03-14 00:00:00,39.75,39.6,40.25,39.25,26.201,0.0014,6140929,251821151.0,-0.37735849056603415,39.75
HK.00027,GALAXY ENT,2024-03-15 00:00:00,39.25,38.95,39.35,38.55,25.784,0.00186,8143675,327164268.0,-1.6414141414141377,39.6
HK.00027,GALAXY ENT,2024-03-18 00:00:00,38.75,38.7,39.15,38.6,25.624,0.00122,5341833,214058449.0,-0.6418485237483953,38.95
HK.00027,GALAXY ENT,2024-03-19 00:00:00,38.25,38.45,38.8,38.0,25.464,0.00151,6625170,263403534.0,-0.6459948320413437,38.7
HK.00027,GALAXY ENT,2024-03-20 00:00:00,38.55,38.0,38.55,38.0,25.176,0.00187,8160728,322398363.0,-1.170351105331607,38.45
HK.00027,GALAXY ENT,2024-03-21 00:00:00,38.5,39.5,39.8,38.5,26.137,0.00183,8009974,326042152.0,3.9473684210526314,38.0
HK.00027,GALAXY ENT,2024-03-22 00:00:00,39.4,38.75,39.75,38.55,25.464,0.00251,10962712,436708490.0,-1.89873417721519,39.5
HK.00027,GALAXY ENT,2024-03-25 00:00:00,39.1,38.45,39.3,38.4,25.272,0.00183,8001847,316615079.0,-0.7741935483870894,38.75
HK.00027,GALAXY ENT,2024-03-26 00:00:00,38.9,38.8,39.15,38.4,25.496,0.00207,9043523,359616332.0,0.9102730819245626,38.45
HK.00027,GALAXY ENT,2024-03-27 00:00:00,38.7,38.6,39.2,38.5,25.368,0.0023,10039388,398944793.0,-0.5154639175257623,38.8
HK.00027,GALAXY ENT,2024-03-28 00:00:00,38.55,38.3,38.95,38.2,25.176,0.00192,8397680,331572730.0,-0.7772020725388711,38.6
HK.00027,GALAXY ENT,2024-04-02 00:00:00,39.5,40.0,40.3,39.5,26.265,0.00241,10542159,431013913.0,4.438642297650138,38.3
HK.00027,GALAXY ENT,2024-04-03 00:00:00,40.1,39.6,40.2,39.35,26.008,0.00225,9840389,400675634.0,-0.9999999999999963,40.0
HK.00027,GALAXY ENT,2024-04-05 00:00:00,39.7,39.6,39.75,38.6,26.008,0.00206,8989921,362068167.0,0.0,39.6
HK.00027,GALAXY ENT,2024-04-08 00:00:00,39.6,39.6,39.6,38.4,26.008,0.00214,9380856,376406146.0,0.0,39.6
HK.00027,GALAXY ENT,2024-04-09 00:00:00,39.95,39.85,40.55,39.7,26.169,0.00192,8404566,343879062.0,0.6313131313131313,39.6
HK.00027,GALAXY ENT,2024-04-10 00:00:00,40.3,39.9,40.3,39.2,26.201,0.00193,8461019,344539972.0,0.125470514429102,39.85
HK.00027,GALAXY ENT,2024-04-11 00:00:00,39.2,39.6,39.6,38.9,26.008,0.00178,7766188,312955413.0,-0.7518796992481133,39.9
HK.00027,GALAXY ENT,2024-04-12 00:00:00,39.45,38.8,39.6,38.7,25.496,0.00176,7683132,306968324.0,-2.020202020202031,39.6
HK.00027,GALAXY ENT,2024-04-15 00:00:00,38.15,37.7,38.25,37.15,24.791,0.00347,15190479,589337695.0,-2.835051546391738,38.8
HK.00027,GALAXY ENT,2024-04-16 00:00:00,37.5,35.8,37.5,35.6,23.574,0.00435,19027284,710390414.0,-5.039787798408503,37.7
HK.00027,GALAXY ENT,2024-04-17 00:00:00,35.25,33.2,35.5,32.7,21.909,0.00818,35754108,1240228565.0,-7.262569832402218,35.8
HK.00027,GALAXY ENT,2024-04-18 00:00:00,33.2,33.049999999,34.4,33.049999999,21.812,0.00513,22449959,775770357.0,-0.4518072319277175,33.2
HK.00027,GALAXY ENT,2024-04-19 00:00:00,32.75,32.65,33.15,32.35,21.556,0.00478,20907094,705299221.0,-1.2102874402786834,33.049999999
HK.00027,GALAXY ENT,2024-04-22 00:00:00,33.2,33.55,34.15,33.1,22.133,0.00333,14550991,502362197.0,2.7565084226646204,32.65
HK.00027,GALAXY ENT,2024-04-23 00:00:00,34.0,33.9,34.3,33.6,22.357,0.00214,9374853,326931105.0,1.0432190760059654,33.55
HK.00027,GALAXY ENT,2024-04-24 00:00:00,34.25,34.0,34.55,33.9,22.421,0.00272,11912846,419292217.0,0.29498525073746734,33.9
HK.00027,GALAXY ENT,2024-04-25 00:00:00,34.0,34.05,34.5,33.049999999,22.453,0.00231,10119294,353613906.0,0.14705882352940342,34.0
HK.00027,GALAXY ENT,2024-04-26 00:00:00,34.05,34.6,34.85,33.65,22.805,0.00419,18330981,649741088.0,1.6152716593245353,34.05
HK.00027,GALAXY ENT,2024-04-29 00:00:00,35.5,35.0,36.3,34.6,23.062,0.00763,33365644,1218950057.0,1.1560693641618456,34.6
HK.00027,GALAXY ENT,2024-04-30 00:00:00,35.1,34.45,35.6,34.35,22.709,0.00329,14410571,517425767.0,-1.5714285714285632,35.0
HK.00027,GALAXY ENT,2024-05-02 00:00:00,34.1,35.2,35.3,33.85,23.19,0.00397,17380921,625738597.0,2.1770682148040637,34.45
HK.00027,GALAXY ENT,2024-05-03 00:00:00,36.0,36.5,37.05,35.95,24.023,0.00475,20758104,777572336.0,3.69318181818181,35.2
HK.00027,GALAXY ENT,2024-05-06 00:00:00,36.05,36.45,36.55,35.4,23.991,0.00325,14201271,526719819.0,-0.13698630136985523,36.5
HK.00027,GALAXY ENT,2024-05-07 00:00:00,36.4,36.2,36.45,35.65,23.83,0.00322,14077759,522120108.0,-0.6858710562414266,36.45
HK.00027,GALAXY ENT,2024-05-08 00:00:00,36.25,35.85,36.7,35.75,23.606,0.0023,10059636,372519002.0,-0.9668508287292855,36.2
HK.00027,GALAXY ENT,2024-05-09 00:00:00,35.85,36.05,36.25,35.6,23.734,0.00221,9663397,357877406.0,0.5578800557879937,35.85
HK.00027,GALAXY ENT,2024-05-10 00:00:00,36.15,36.3,36.5,35.65,23.894,0.00193,8449943,313643328.0,0.6934812760055479,36.05
HK.00027,GALAXY ENT,2024-05-13 00:00:00,36.0,37.3,37.4,35.55,24.535,0.00328,14363585,544958256.0,2.7548209366391188,36.3
HK.00027,GALAXY ENT,2024-05-14 00:00:00,37.25,35.8,37.3,35.7,23.574,0.0051,22299375,828633337.0,-4.021447721179626,37.3
HK.00027,GALAXY ENT,2024-05-16 00:00:00,37.0,38.15,38.25,36.7,25.08,0.00656,28688158,1107606399.0,6.56424581005587,35.8
HK.00027,GALAXY ENT,2024-05-17 00:00:00,38.2,38.9,39.5,38.0,25.56,0.00494,21618956,861391511.0,1.9659239842726082,38.15
HK.00027,GALAXY ENT,2024-05-20 00:00:00,39.5,40.25,40.9,39.4,26.425,0.00644,28149240,1166878500.0,3.4704370179948625,38.9
HK.00027,GALAXY ENT,2024-05-21 00:00:00,39.7,38.6,40.0,37.95,25.368,0.00573,25058708,998498758.0,-4.099378881987574,40.25
HK.00027,GALAXY ENT,2024-05-22 00:00:00,39.1,39.3,39.9,38.95,25.816,0.00311,13612025,550529087.0,1.8134715025906623,38.6
HK.00027,GALAXY ENT,2024-05-23 00:00:00,38.95,38.85,39.1,38.3,25.528,0.00242,10564476,420933988.0,-1.1450381679389205,39.3
HK.00027,GALAXY ENT,2024-05-24 00:00:00,38.85,37.95,38.85,37.8,24.951,0.00267,11684054,456860732.0,-2.316602316602313,38.85
HK.00027,GALAXY ENT,2024-05-27 00:00:00,38.2,37.8,38.25,36.9,24.855,0.00201,8805307,339675076.0,-0.3952569169960624,37.95
HK.00027,GALAXY ENT,2024-05-28 00:00:00,38.0,38.25,38.95,37.8,25.144,0.00163,7139678,281453709.0,1.190476190476198,37.8
HK.00027,GALAXY ENT,2024-05-29 00:00:00,38.25,37.8,38.35,37.3,24.855,0.0026,11365532,440957925.0,-1.1764705882353015,38.25
HK.00027,GALAXY ENT,2024-05-30 00:00:00,37.55,37.2,38.25,37.0,24.471,0.00223,9761706,374581216.0,-1.5873015873015723,37.8
HK.00027,GALAXY ENT,2024-05-31 00:00:00,37.2,36.5,37.5,36.35,24.023,0.00335,14660622,552919981.0,-1.8817204301075343,37.2
HK.00027,GALAXY ENT,2024-06-03 00:00:00,36.8,37.25,37.75,36.8,24.503,0.00228,9964345,378651242.0,2.054794520547945,36.5
HK.00027,GALAXY ENT,2024-06-04 00:00:00,37.05,38.0,38.2,36.65,24.983,0.00164,7188347,278358350.0,2.013422818791946,37.25
HK.00027,GALAXY ENT,2024-06-05 00:00:00,38.0,38.9,39.35,37.9,25.56,0.00285,12454547,496613448.0,2.368421052631575,38.0
HK.00027,GALAXY ENT,2024-06-06 00:00:00,39.05,39.45,40.15,39.05,25.912,0.00261,11405701,463297031.0,1.4138817480719905,38.9
HK.00027,GALAXY ENT,2024-06-07 00:00:00,39.5,39.0,39.5,38.85,25.624,0.00194,8490101,339775651.0,-1.140684410646395,39.45
HK.00027,GALAXY ENT,2024-06-11 00:00:00,39.95,38.55,39.95,38.35,25.336,0.0016,6999542,278533084.0,-1.1538461538461613,39.0
HK.00027,GALAXY ENT,2024-06-12 00:00:00,38.45,37.1,38.55,37.0,24.407,0.00214,9362228,359159611.0,-3.7613488975356573,38.55
HK.00027,GALAXY ENT,2024-06-13 00:00:00,37.0,37.95,38.0,37.0,24.951,0.00148,6477516,250596229.0,2.2911051212938043,37.1
HK.00027,GALAXY ENT,2024-06-14 00:00:00,37.6,38.05,38.3,37.15,25.016,0.00157,6862863,266870055.0,0.2635046113306833,37.95
HK.00027,GALAXY ENT,2024-06-17 00:00:00,37.4,37.55,38.15,37.35,24.695,0.00127,5550970,214234217.0,-1.3140604467805521,38.05
HK.00027,GALAXY ENT,2024-06-18 00:00:00,37.95,37.5,38.15,37.3,24.663,0.00104,4532419,175050353.0,-0.13315579227695648,37.55
HK.00027,GALAXY ENT,2024-06-19 00:00:00,37.65,38.45,38.6,37.55,25.272,0.00138,6039859,237116992.0,2.5333333333333408,37.5
HK.00027,GALAXY ENT,2024-06-20 00:00:00,38.4,37.9,38.7,37.5,24.919,0.00078,3420299,132894457.0,-1.4304291287386326,38.45
HK.00027,GALAXY ENT,2024-06-21 00:00:00,37.9,37.25,38.0,37.2,24.503,0.00188,8244057,316639250.0,-1.715039577836408,37.9
HK.00027,GALAXY ENT,2024-06-24 00:00:00,37.1,36.5,37.4,36.05,24.023,0.00218,9547342,356543058.0,-2.013422818791946,37.25
HK.00027,GALAXY ENT,2024-06-25 00:00:00,36.55,36.2,36.75,35.9,23.83,0.00146,6398922,238504467.0,-0.8219178082191704,36.5
HK.00027,GALAXY ENT,2024-06-26 00:00:00,35.9,36.3,36.6,35.6,23.894,0.0015,6564091,244246575.0,0.27624309392263624,36.2
HK.00027,GALAXY ENT,2024-06-27 00:00:00,36.0,35.65,36.2,35.1,23.478,0.0021,9172531,334745731.0,-1.7906336088154233,36.3
HK.00027,GALAXY ENT,2024-06-28 00:00:00,35.15,35.4,35.85,35.0,23.318,0.00148,6479050,236091104.0,-0.7012622720897617,35.65
HK.00027,GALAXY ENT,2024-07-02 00:00:00,35.9,35.25,35.9,35.0,23.222,0.00126,5509704,200394398.0,-0.423728813559318,35.4
HK.00027,GALAXY ENT,2024-07-03 00:00:00,35.5,36.0,36.2,35.4,23.702,0.00151,6604474,243384576.0,2.127659574468085,35.25
HK.00027,GALAXY ENT,2024-07-04 00:00:00,36.25,35.45,36.3,35.3,23.35,0.00088,3861799,141171796.0,-1.52777777777777,36.0
HK.00027,GALAXY ENT,2024-07-05 00:00:00,35.55,34.25,35.65,34.0,22.581,0.00287,12568603,445696757.0,-3.385049365303252,35.45
HK.00027,GALAXY ENT,2024-07-08 00:00:00,34.2,32.75,34.25,32.45,21.62,0.00385,16838430,572087028.0,-4.37956204379562,34.25
HK.00027,GALAXY ENT,2024-07-09 00:00:00,32.9,33.049999999,33.4,32.7,21.812,0.00178,7789663,265656006.0,0.9160305312977118,32.75
HK.00027,GALAXY ENT,2024-07-10 00:00:00,33.15,32.85,33.65,32.799999999,21.684,0.00094,4101169,139864261.0,-0.605143718626477,33.049999999
HK.00027,GALAXY ENT,2024-07-11 00:00:00,33.35,33.6,33.7,32.85,22.165,0.00131,5725015,196911324.0,2.28310502283105,32.85
HK.00027,GALAXY ENT,2024-07-12 00:00:00,33.95,34.2,34.5,33.8,22.549,0.00121,5274461,185664989.0,1.7857142857142898,33.6
HK.00027,GALAXY ENT,2024-07-15 00:00:00,34.2,33.5,34.2,33.25,22.101,0.00104,4555939,157196031.0,-2.0467836257310026,34.2
HK.00027,GALAXY ENT,2024-07-16 00:00:00,33.299999999,33.1,33.299999999,32.65,21.844,0.00112,4895175,166263360.0,-1.1940298507462643,33.5
HK.00027,GALAXY ENT,2024-07-17 00:00:00,33.1,33.35,33.7,33.049999999,22.005,0.00069,2998304,103019833.0,0.755287009063444,33.1
HK.00027,GALAXY ENT,2024-07-18 00:00:00,33.25,33.4,33.8,33.25,22.037,0.00086,3753150,129606924.0,0.14992503748125086,33.35
HK.00027,GALAXY ENT,2024-07-19 00:00:00,33.0,32.95,33.45,32.75,21.748,0.00188,8224175,278973709.0,-1.3473053892215443,33.4
HK.00027,GALAXY ENT,2024-07-22 00:00:00,33.0,33.15,33.25,32.45,21.877,0.00105,4579455,155622605.0,0.6069802731411099,32.95
HK.00027,GALAXY ENT,2024-07-23 00:00:00,33.65,33.049999999,33.75,32.9,21.812,0.00138,6051334,206651604.0,-0.30165912820512203,33.15
HK.00027,GALAXY ENT,2024-07-24 00:00:00,33.049999999,33.299999999,33.55,33.0,21.973,0.00111,4842836,165811561.0,0.7564296520652475,33.049999999
HK.00027,GALAXY ENT,2024-07-25 00:00:00,33.2,33.1,33.45,32.45,21.844,0.00169,7380588,249697356.0,-0.6006005976156313,33.299999999
HK.00027,GALAXY ENT,2024-07-26 00:00:00,33.1,32.75,33.25,32.5,21.62,0.00137,6009804,202921707.0,-1.057401812688826,33.1
HK.00027,GALAXY ENT,2024-07-29 00:00:00,32.6,32.75,33.1,32.5,21.62,0.00104,4559693,154589064.0,0.0,32.75
HK.00027,GALAXY ENT,2024-07-30 00:00:00,32.7,31.7,32.7,31.65,20.948,0.0023,10046680,330019697.0,-3.20610687022901,32.75
HK.00027,GALAXY ENT,2024-07-31 00:00:00,31.7,31.85,32.15,31.5,21.044,0.00272,11889722,390182535.0,0.4731861198738238,31.7
HK.00027,GALAXY ENT,2024-08-01 00:00:00,31.85,31.799999999,31.95,31.299999999,21.012,0.00108,4720136,154120510.0,-0.1569858744113055,31.85
HK.00027,GALAXY ENT,2024-08-02 00:00:00,31.1,30.3,31.299999999,30.1,20.051,0.00318,13909931,439113315.0,-4.71698112907915,31.799999999
HK.00027,GALAXY ENT,2024-08-05 00:00:00,29.6,31.0,31.4,29.35,20.499,0.00299,13087677,416515904.0,2.310231023102308,30.3
HK.00027,GALAXY ENT,2024-08-06 00:00:00,31.25,30.5,31.75,30.3,20.179,0.002,8765559,278726349.0,-1.6129032258064515,31.0
HK.00027,GALAXY ENT,2024-08-07 00:00:00,30.5,29.8,30.55,29.65,19.73,0.00177,7738810,240299683.0,-2.2950819672131124,30.5
HK.00027,GALAXY ENT,2024-08-08 00:00:00,29.6,29.35,29.8,28.9,19.442,0.00427,18666038,565378160.0,-1.5100671140939574,29.8
HK.00027,GALAXY ENT,2024-08-09 00:00:00,29.95,29.8,30.55,29.65,19.73,0.00254,11124003,344775724.0,1.5332197614991459,29.35
HK.00027,GALAXY ENT,2024-08-12 00:00:00,29.05,28.45,29.05,28.05,18.866,0.00413,18072040,533295443.0,-4.530201342281884,29.8
HK.00027,GALAXY ENT,2024-08-13 00:00:00,28.25,28.4,28.55,27.7,18.834,0.00504,22035343,644010643.0,-0.175746924428825,28.45
HK.00027,GALAXY ENT,2024-08-14 00:00:00,28.8,28.25,28.8,28.1,18.737,0.00296,12942083,379357408.0,-0.5281690140845021,28.4
HK.00027,GALAXY ENT,2024-08-15 00:00:00,28.2,28.55,28.7,27.65,18.93,0.00742,32461979,951637943.0,1.0619469026548698,28.25
HK.00027,GALAXY ENT,2024-08-16 00:00:00,29.4,30.2,30.25,28.9,19.987,0.01409,61615133,1898728488.0,5.779334500875652,28.55
HK.00027,GALAXY ENT,2024-08-19 00:00:00,30.65,30.7,31.35,30.5,20.307,0.00487,21284689,675821652.0,1.6556291390728477,30.2
HK.00027,GALAXY ENT,2024-08-20 00:00:00,31.2,30.45,31.25,30.2,20.147,0.00236,10320405,326072674.0,-0.8143322475570033,30.7
HK.00027,GALAXY ENT,2024-08-21 00:00:00,30.2,30.25,30.4,29.9,20.019,0.00206,8989083,280252411.0,-0.656814449917896,30.45
HK.00027,GALAXY ENT,2024-08-22 00:00:00,30.55,30.2,30.8,29.8,19.987,0.00202,8818881,274779207.0,-0.16528925619834947,30.25
HK.00027,GALAXY ENT,2024-08-23 00:00:00,29.9,29.85,30.0,29.3,19.762,0.00135,5883039,181374674.0,-1.1589403973509862,30.2
HK.00027,GALAXY ENT,2024-08-26 00:00:00,30.1,30.05,30.65,29.9,19.891,0.00238,10413417,323667456.0,0.6700167504187581,29.85
HK.00027,GALAXY ENT,2024-08-27 00:00:00,29.85,29.8,30.0,29.2,19.73,0.00329,14376369,442133073.0,-0.8319467554076538,30.05
HK.00027,GALAXY ENT,2024-08-28 00:00:00,29.85,29.5,30.1,29.35,19.538,0.0025,10950464,334875163.0,-1.0067114093959755,29.8
HK.00027,GALAXY ENT,2024-08-29 00:00:00,29.4,28.9,29.5,28.6,19.154,0.00395,17261960,515743902.0,-2.0338983050847506,29.5
HK.00027,GALAXY ENT,2024-08-30 00:00:00,28.9,29.2,30.0,28.85,19.346,0.00591,25858537,786188238.0,1.0380622837370268,28.9
HK.00027,GALAXY ENT,2024-09-02 00:00:00,29.5,29.0,29.7,28.75,19.218,0.00256,11188059,336972761.0,-0.6849315068493127,29.2
HK.00027,GALAXY ENT,2024-09-03 00:00:00,29.0,28.9,29.75,28.75,19.154,0.00234,10247143,308661699.0,-0.34482758620690146,29.0
HK.00027,GALAXY ENT,2024-09-04 00:00:00,28.75,28.7,29.3,28.3,19.026,0.00222,9700455,289151698.0,-0.6920415224913471,28.9
HK.00027,GALAXY ENT,2024-09-05 00:00:00,28.7,28.15,29.1,27.9,18.673,0.00217,9485195,276934198.0,-1.9163763066202117,28.7
HK.00027,GALAXY ENT,2024-09-09 00:00:00,28.15,27.7,28.4,27.3,18.385,0.00338,14776479,422371958.0,-1.598579040852573,28.15
HK.00027,GALAXY ENT,2024-09-10 00:00:00,27.45,27.9,28.15,27.35,18.513,0.00332,14509215,417345931.0,0.7220216606498169,27.7
HK.00027,GALAXY ENT,2024-09-11 00:00:00,27.4,26.9,27.7,26.7,17.873,0.00236,10321695,289305320.0,-3.584229390681004,27.9
HK.00027,GALAXY ENT,2024-09-12 00:00:00,27.05,27.35,27.7,26.75,18.161,0.0025,10940925,311048936.0,1.672862453531609,26.9
HK.00027,GALAXY ENT,2024-09-13 00:00:00,27.4,27.05,27.95,27.05,17.969,0.00185,8086607,229173155.0,-1.0968921389396735,27.35
HK.00027,GALAXY ENT,2024-09-16 00:00:00,26.8,27.35,27.35,26.6,18.161,0.00263,11503244,323672901.0,1.1090573012939027,27.05
HK.00027,GALAXY ENT,2024-09-17 00:00:00,27.2,27.95,28.1,27.05,18.545,0.00209,9120940,263118940.0,2.1937842778793337,27.35
HK.00027,GALAXY ENT,2024-09-19 00:00:00,28.0,29.25,29.65,28.0,19.378,0.00407,17787360,536067508.0,4.651162790697677,27.95
HK.00027,GALAXY ENT,2024-09-20 00:00:00,29.6,30.2,30.35,29.0,19.987,0.00483,21139122,655021035.0,3.247863247863245,29.25
HK.00027,GALAXY ENT,2024-09-23 00:00:00,29.8,29.85,30.7,29.75,19.762,0.00435,19035450,594340377.0,-1.1589403973509862,30.2
HK.00027,GALAXY ENT,2024-09-24 00:00:00,30.6,30.95,31.2,29.95,20.147,0.00476,20816281,648136200.0,3.685092127303175,29.85
HK.00027,GALAXY ENT,2024-09-25 00:00:00,32.4,31.1,32.65,31.05,20.243,0.00498,21767336,697268243.0,0.4846526655896677,30.95
HK.00027,GALAXY ENT,2024-09-26 00:00:00,31.4,34.25,34.25,31.15,22.261,0.00807,35276206,1193866551.0,10.128617363344047,31.1
HK.00027,GALAXY ENT,2024-09-27 00:00:00,36.3,37.3,38.1,35.75,24.215,0.01465,64066359,2398446952.0,8.905109489051087,34.25
HK.00027,GALAXY ENT,2024-09-30 00:00:00,38.3,38.55,40.1,37.55,25.016,0.0109,47665328,1883165126.0,3.351206434316354,37.3
HK.00027,GALAXY ENT,2024-10-02 00:00:00,37.7,41.0,41.15,37.7,26.585,0.01103,48242528,1958544456.0,6.355382619974067,38.55
HK.00027,GALAXY ENT,2024-10-03 00:00:00,41.0,38.7,41.0,37.45,25.112,0.00688,30090862,1183938929.0,-5.609756097560969,41.0
HK.00027,GALAXY ENT,2024-10-04 00:00:00,38.5,39.1,40.0,37.95,25.368,0.00362,15829128,627779671.0,1.033591731266146,38.7
HK.00027,GALAXY ENT,2024-10-07 00:00:00,40.75,42.8,43.3,40.75,27.738,0.0098,42880709,1840163185.0,9.462915601023008,39.1
HK.00027,GALAXY ENT,2024-10-08 00:00:00,42.3,37.5,42.3,37.15,24.343,0.00868,37967199,1505388303.0,-12.383177570093453,42.8
HK.00027,GALAXY ENT,2024-10-09 00:00:00,38.25,37.65,39.25,36.4,24.439,0.00713,31172323,1190242745.0,0.3999999999999962,37.5
HK.00027,GALAXY ENT,2024-10-10 00:00:00,38.4,38.5,39.0,37.05,24.983,0.0051,22309935,866974739.0,2.2576361221779586,37.65
HK.00027,GALAXY ENT,2024-10-14 00:00:00,38.4,36.8,38.4,36.45,23.894,0.00479,20968703,786175768.0,-4.415584415584424,38.5
HK.00027,GALAXY ENT,2024-10-15 00:00:00,36.8,35.3,37.3,34.8,22.934,0.00499,21838631,792314102.0,-4.076086956521739,36.8
HK.00027,GALAXY ENT,2024-10-16 00:00:00,34.8,33.85,35.2,33.5,22.005,0.0068,29753500,1025982477.0,-4.107648725212453,35.3
HK.00027,GALAXY ENT,2024-10-17 00:00:00,34.15,33.45,34.6,33.049999999,21.748,0.00293,12834301,439639177.0,-1.1816838995568644,33.85
HK.00027,GALAXY ENT,2024-10-18 00:00:00,33.549999999,34.5,34.95,33.4,22.421,0.00538,23508784,814252279.0,3.139013452914789,33.45
HK.00027,GALAXY ENT,2024-10-21 00:00:00,34.4,33.45,34.4,32.95,21.748,0.00367,16064145,546191273.0,-3.043478260869557,34.5
HK.00027,GALAXY ENT,2024-10-22 00:00:00,33.299999999,33.35,33.85,32.9,21.684,0.00336,14702325,498912589.0,-0.29895366218236596,33.45
HK.00027,GALAXY ENT,2024-10-23 00:00:00,33.35,33.7,33.75,33.0,21.909,0.00281,12275313,418102412.0,1.0494752623688197,33.35
HK.00027,GALAXY ENT,2024-10-24 00:00:00,33.299999999,33.35,34.1,33.1,21.684,0.00254,11108138,377118216.0,-1.0385756676557905,33.7
HK.00027,GALAXY ENT,2024-10-25 00:00:00,33.2,33.799999999,34.1,33.2,21.973,0.00765,33473463,1140571367.0,1.3493253343328313,33.35
HK.00027,GALAXY ENT,2024-10-28 00:00:00,33.95,34.55,34.85,33.9,22.453,0.00345,15067676,525399775.0,2.218934914266822,33.799999999
HK.00027,GALAXY ENT,2024-10-29 00:00:00,34.6,34.6,35.15,34.25,22.485,0.00275,12026032,422397182.0,0.14471780028944795,34.55
HK.00027,GALAXY ENT,2024-10-30 00:00:00,34.35,34.4,35.0,34.25,22.357,0.00253,11060492,386908335.0,-0.5780346820809331,34.6
HK.00027,GALAXY ENT,2024-10-31 00:00:00,34.4,34.05,34.65,33.799999999,22.133,0.00155,6797698,235141092.0,-1.0174418604651205,34.4
HK.00027,GALAXY ENT,2024-11-01 00:00:00,34.15,34.35,34.75,33.799999999,22.325,0.00225,9846001,343132111.0,0.8810572687224796,34.05
HK.00027,GALAXY ENT,2024-11-04 00:00:00,34.35,34.35,34.6,34.0,22.325,0.00115,5035539,175753240.0,0.0,34.35
HK.00027,GALAXY ENT,2024-11-05 00:00:00,34.2,35.15,35.15,34.2,22.837,0.00216,9460701,334546083.0,2.328966521106251,34.35
HK.00027,GALAXY ENT,2024-11-06 00:00:00,34.75,34.1,35.15,33.799999999,22.165,0.00211,9246484,321203618.0,-2.987197724039821,35.15
HK.00027,GALAXY ENT,2024-11-07 00:00:00,33.5,35.85,36.0,33.45,23.286,0.00603,26378725,952194517.0,5.131964809384164,34.1
HK.00027,GALAXY ENT,2024-11-08 00:00:00,36.3,35.8,37.4,35.45,23.254,0.00294,12865456,472184411.0,-0.13947001394701328,35.85
HK.00027,GALAXY ENT,2024-11-11 00:00:00,35.0,35.45,35.5,34.3,23.03,0.00238,10418919,371160440.0,-0.9776536312849005,35.8
HK.00027,GALAXY ENT,2024-11-12 00:00:00,35.35,34.15,35.95,33.85,22.197,0.00317,13843490,486109601.0,-3.6671368124118593,35.45
HK.00027,GALAXY ENT,2024-11-13 00:00:00,33.95,33.65,34.05,32.6,21.877,0.00398,17407805,589271012.0,-1.4641288433382138,34.15
HK.00027,GALAXY ENT,2024-11-14 00:00:00,33.5,32.1,33.65,31.799999999,20.884,0.00451,19738461,649669413.0,-4.60624071322436,33.65
HK.00027,GALAXY ENT,2024-11-15 00:00:00,32.15,32.15,32.65,31.6,20.916,0.0019,8320887,272136564.0,0.15576323987538054,32.1
HK.00027,GALAXY ENT,2024-11-18 00:00:00,32.5,32.25,32.65,32.0,20.98,0.00121,5279011,173098867.0,0.3110419906687447,32.15
HK.00027,GALAXY ENT,2024-11-19 00:00:00,32.6,32.25,32.9,32.1,20.98,0.00175,7654754,251589651.0,0.0,32.25
HK.00027,GALAXY ENT,2024-11-20 00:00:00,32.15,32.6,32.6,32.0,21.204,0.00162,7066534,231875635.0,1.0852713178294617,32.25
HK.00027,GALAXY ENT,2024-11-21 00:00:00,32.45,32.5,32.549999999,32.15,21.14,0.00083,3647837,120089519.0,-0.30674846625767305,32.6
HK.00027,GALAXY ENT,2024-11-22 00:00:00,32.4,32.1,33.25,31.85,20.884,0.00211,9209325,304007556.0,-1.2307692307692264,32.5
HK.00027,GALAXY ENT,2024-11-25 00:00:00,32.35,31.799999999,32.4,31.25,20.691,0.00266,11630484,376052246.0,-0.9345794423676036,32.1
HK.00027,GALAXY ENT,2024-11-26 00:00:00,31.65,32.15,32.7,31.65,20.916,0.00177,7720170,251971515.0,1.1006289339968687,31.799999999
HK.00027,GALAXY ENT,2024-11-27 00:00:00,32.0,33.0,33.1,31.95,21.46,0.00127,5556642,184744689.0,2.643856920684297,32.15
HK.00027,GALAXY ENT,2024-11-28 00:00:00,33.2,32.7,33.299999999,32.6,21.268,0.00089,3906369,130071121.0,-0.9090909090909005,33.0
HK.00027,GALAXY ENT,2024-11-29 00:00:00,32.7,34.05,34.25,32.7,22.133,0.00263,11486156,394967683.0,4.128440366972459,32.7
HK.00027,GALAXY ENT,2024-12-02 00:00:00,34.4,34.6,35.45,34.1,22.485,0.00274,11971150,422517160.0,1.6152716593245353,34.05
HK.00027,GALAXY ENT,2024-12-03 00:00:00,34.7,35.0,35.2,34.4,22.741,0.00188,8210786,290387920.0,1.1560693641618456,34.6
HK.00027,GALAXY ENT,2024-12-04 00:00:00,35.05,35.05,35.3,34.7,22.773,0.00117,5118843,181562805.0,0.14285714285713474,35.0
HK.00027,GALAXY ENT,2024-12-05 00:00:00,34.75,34.7,34.8,34.35,22.549,0.00108,4729261,166280665.0,-0.998573466476446,35.05
HK.00027,GALAXY ENT,2024-12-06 00:00:00,34.7,34.95,35.45,34.45,22.709,0.00147,6422093,227711641.0,0.7204610951008645,34.7
HK.00027,GALAXY ENT,2024-12-09 00:00:00,34.65,35.75,35.8,34.45,23.222,0.00157,6871914,245371404.0,2.288984263233182,34.95
HK.00027,GALAXY ENT,2024-12-10 00:00:00,37.0,35.95,37.3,35.9,23.35,0.00334,14600009,539494722.0,0.5594405594405674,35.75
HK.00027,GALAXY ENT,2024-12-11 00:00:00,36.0,35.65,36.3,35.45,23.158,0.00087,3806025,138250182.0,-0.834492350486799,35.95
HK.00027,GALAXY ENT,2024-12-12 00:00:00,35.9,36.1,36.9,35.35,23.446,0.0015,6574742,241515966.0,1.2622720897615787,35.65
HK.00027,GALAXY ENT,2024-12-13 00:00:00,35.8,35.4,35.8,35.0,22.998,0.00138,6018062,215630982.0,-1.9390581717451603,36.1
HK.00027,GALAXY ENT,2024-12-16 00:00:00,35.2,34.2,36.05,33.95,22.229,0.00224,9799642,341548680.0,-3.3898305084745646,35.4
HK.00027,GALAXY ENT,2024-12-17 00:00:00,33.9,33.75,34.2,33.35,21.941,0.00239,10435602,357306729.0,-1.3157894736842188,34.2
HK.00027,GALAXY ENT,2024-12-18 00:00:00,34.25,33.799999999,34.35,33.4,21.973,0.0011,4832356,165422021.0,0.14814814518518704,33.75
HK.00027,GALAXY ENT,2024-12-19 00:00:00,33.2,33.65,33.85,33.1,21.877,0.00125,5463002,186116621.0,-0.44378697930307665,33.799999999
HK.00027,GALAXY ENT,2024-12-20 00:00:00,33.65,33.799999999,33.9,33.4,21.973,0.00135,5904429,201980320.0,0.4457652273402736,33.65
HK.00027,GALAXY ENT,2024-12-23 00:00:00,34.0,33.75,34.15,33.549999999,21.941,0.0008,3478937,119050608.0,-0.1479289911286388,33.799999999
HK.00027,GALAXY ENT,2024-12-24 00:00:00,33.75,33.299999999,33.95,33.2,21.652,0.00076,3332374,113008522.0,-1.3333333362962945,33.75
HK.00027,GALAXY ENT,2024-12-27 00:00:00,33.299999999,33.4,33.85,33.1,21.716,0.00117,5109667,172936351.0,0.30030030331231516,33.299999999
HK.00027,GALAXY ENT,2024-12-30 00:00:00,33.4,32.35,33.6,32.1,21.044,0.00219,9572672,316017871.0,-3.1437125748502908,33.4
HK.00027,GALAXY ENT,2024-12-31 00:00:00,32.299999999,32.5,32.799999999,32.0,21.14,0.00082,3569603,117912264.0,0.4636785162287436,32.35
HK.00027,GALAXY ENT,2025-01-02 00:00:00,32.5,31.7,32.5,31.5,20.627,0.00275,12051279,389522854.0,-2.4615384615384635,32.5
HK.00027,GALAXY ENT,2025-01-03 00:00:00,32.2,32.5,32.7,32.1,21.14,0.00203,8890994,292574441.0,2.5236593059936934,31.7
HK.00027,GALAXY ENT,2025-01-06 00:00:00,32.549999999,32.2,32.9,32.0,20.948,0.00214,9349539,306692583.0,-0.9230769230769144,32.5
HK.00027,GALAXY ENT,2025-01-07 00:00:00,31.799999999,33.1,33.299999999,31.799999999,21.524,0.00251,10961482,365165379.0,2.7950310559006164,32.2
HK.00027,GALAXY ENT,2025-01-08 00:00:00,33.25,32.75,33.35,32.2,21.3,0.00152,6631078,219903140.0,-1.057401812688826,33.1
HK.00027,GALAXY ENT,2025-01-09 00:00:00,32.75,32.95,33.299999999,32.6,21.428,0.0016,6978943,233968128.0,0.610687022900772,32.75
HK.00027,GALAXY ENT,2025-01-10 00:00:00,32.7,32.299999999,33.15,32.0,21.012,0.00172,7529855,247128864.0,-1.9726858907435574,32.95
HK.00027,GALAXY ENT,2025-01-13 00:00:00,31.799999999,31.549999999,31.799999999,31.15,20.531,0.00226,9903207,316793494.0,-2.321981424220495,32.299999999
HK.00027,GALAXY ENT,2025-01-14 00:00:00,31.65,32.049999999,32.4,31.35,20.852,0.00233,10176887,328397569.0,1.5847860539329568,31.549999999
HK.00027,GALAXY ENT,2025-01-15 00:00:00,31.9,31.6,32.299999999,31.35,20.563,0.00216,9431630,302412327.0,-1.4040561591701708,32.049999999
HK.00027,GALAXY ENT,2025-01-16 00:00:00,31.5,30.9,31.95,30.9,20.115,0.00342,14959473,474089204.0,-2.2151898734177307,31.6
HK.00027,GALAXY ENT,2025-01-17 00:00:00,30.75,31.0,31.3,30.55,20.179,0.00207,9038017,284554393.0,0.32362459546926026,30.9
HK.00027,GALAXY ENT,2025-01-20 00:00:00,31.0,31.35,31.85,30.9,20.403,0.00285,12477239,398081847.0,1.1290322580645207,31.0
HK.00027,GALAXY ENT,2025-01-21 00:00:00,31.85,31.7,31.9,31.25,20.627,0.00135,5885121,189246573.0,1.1164274322168992,31.35
HK.00027,GALAXY ENT,2025-01-22 00:00:00,31.549999999,30.95,31.799999999,30.85,20.147,0.00182,7966412,252234854.0,-2.3659305993690856,31.7
HK.00027,GALAXY ENT,2025-01-23 00:00:00,31.2,30.4,31.45,30.3,19.795,0.00211,9239913,288132465.0,-1.7770597738287583,30.95
HK.00027,GALAXY ENT,2025-01-24 00:00:00,30.7,31.25,31.25,30.55,20.339,0.00186,8141130,256578166.0,2.7960526315789522,30.4
HK.00027,GALAXY ENT,2025-01-27 00:00:00,31.5,32.299999999,32.7,31.45,21.012,0.00374,16383170,535835279.0,3.359999996800002,31.25
HK.00027,GALAXY ENT,2025-01-28 00:00:00,32.35,32.75,32.85,32.25,21.3,0.00139,6066287,200471530.0,1.3931888576282703,32.299999999
HK.00027,GALAXY ENT,2025-02-03 00:00:00,31.5,30.8,31.6,30.4,20.051,0.00598,26147561,818327245.0,-5.954198473282441,32.75
HK.00027,GALAXY ENT,2025-02-04 00:00:00,31.2,30.55,31.45,30.3,19.891,0.00333,14549714,457072293.0,-0.8116883116883116,30.8
HK.00027,GALAXY ENT,2025-02-05 00:00:00,30.55,29.4,30.85,28.5,19.154,0.00583,25511794,767669966.0,-3.764320785597388,30.55
HK.00027,GALAXY ENT,2025-02-06 00:00:00,29.4,29.1,29.65,28.9,18.962,0.00477,20870699,620306341.0,-1.0204081632652966,29.4
HK.00027,GALAXY ENT,2025-02-07 00:00:00,29.1,29.15,29.6,28.7,18.994,0.00376,16444117,488386588.0,0.17182130584191463,29.1
HK.00027,GALAXY ENT,2025-02-10 00:00:00,29.15,29.0,29.55,28.7,18.898,0.0042,18388121,543853739.0,-0.5145797598627739,29.15
HK.00027,GALAXY ENT,2025-02-11 00:00:00,29.0,27.8,29.1,27.55,18.129,0.00636,27809635,791116296.0,-4.137931034482756,29.0
HK.00027,GALAXY ENT,2025-02-12 00:00:00,28.0,28.2,28.65,27.95,18.385,0.00417,18247777,524453822.0,1.4388489208633042,27.8
HK.00027,GALAXY ENT,2025-02-13 00:00:00,28.35,28.7,29.7,28.3,18.705,0.00606,26506810,783851512.0,1.773049645390071,28.2
HK.00027,GALAXY ENT,2025-02-14 00:00:00,29.15,29.25,29.4,28.85,19.058,0.00383,16742734,496327724.0,1.9163763066202117,28.7
HK.00027,GALAXY ENT,2025-02-17 00:00:00,29.35,29.55,29.85,29.1,19.25,0.00304,13303943,399295074.0,1.025641025641028,29.25
HK.00027,GALAXY ENT,2025-02-18 00:00:00,29.55,29.25,29.55,28.9,19.058,0.00321,14033936,417081334.0,-1.0152284263959415,29.55
HK.00027,GALAXY ENT,2025-02-19 00:00:00,29.0,29.15,29.4,28.7,18.994,0.00176,7679349,227526089.0,-0.3418803418803467,29.25
HK.00027,GALAXY ENT,2025-02-20 00:00:00,28.75,29.35,29.8,28.65,19.122,0.0026,11372439,339307861.0,0.6861063464837147,29.15
HK.00027,GALAXY ENT,2025-02-21 00:00:00,29.4,29.0,29.4,28.6,18.898,0.00412,18046283,530164431.0,-1.1925042589437866,29.35
HK.00027,GALAXY ENT,2025-02-24 00:00:00,28.95,30.3,30.75,28.8,19.73,0.00565,24705732,759347394.0,4.4827586206896575,29.0
HK.00027,GALAXY ENT,2025-02-25 00:00:00,29.75,29.65,29.95,29.35,19.314,0.00313,13710611,413399631.0,-2.1452145214521523,30.3
HK.00027,GALAXY ENT,2025-02-26 00:00:00,29.85,30.15,30.35,29.8,19.634,0.0021,9169347,281222709.0,1.6863406408094435,29.65
HK.00027,GALAXY ENT,2025-02-27 00:00:00,29.9,30.8,31.1,29.7,15.634,0.0055,24060922,750725512.0,2.1558872305141032,30.15
HK.00027,GALAXY ENT,2025-02-28 00:00:00,30.8,31.4,32.049999999,30.4,15.934,0.00683,29887157,955711102.0,1.9480519480519412,30.8
HK.00027,GALAXY ENT,2025-03-03 00:00:00,31.9,31.85,33.25,31.799999999,16.158,0.00577,25264657,828793677.0,1.4331210191082893,31.4
HK.00027,GALAXY ENT,2025-03-04 00:00:00,31.85,30.85,31.85,30.85,15.659,0.00256,11206238,354975682.0,-3.139717425431711,31.85
HK.00027,GALAXY ENT,2025-03-05 00:00:00,30.8,31.65,31.799999999,30.65,16.058,0.00207,9055016,289208158.0,2.5931928687196013,30.85
HK.00027,GALAXY ENT,2025-03-06 00:00:00,32.0,32.299999999,32.4,31.65,16.383,0.00318,13908733,452860227.0,2.0537124770932134,31.65
HK.00027,GALAXY ENT,2025-03-07 00:00:00,32.0,32.049999999,32.75,31.7,16.258,0.00204,8925942,291212459.0,-0.7739938080734982,32.299999999
HK.00027,GALAXY ENT,2025-03-10 00:00:00,32.2,31.65,32.299999999,31.3,16.058,0.00216,9441273,303746833.0,-1.2480499189157022,32.049999999
HK.00027,GALAXY ENT,2025-03-11 00:00:00,31.3,31.75,31.85,30.65,16.108,0.00246,10747364,340949993.0,0.3159557661927375,31.65
HK.00027,GALAXY ENT,2025-03-12 00:00:00,31.35,31.05,31.75,30.75,15.759,0.00223,9743565,308046571.0,-2.2047244094488168,31.75
HK.00027,GALAXY ENT,2025-03-13 00:00:00,31.05,30.65,31.3,30.3,15.559,0.00168,7355977,229420350.0,-1.288244766505643,31.05
HK.00027,GALAXY ENT,2025-03-14 00:00:00,31.05,31.75,32.299999999,30.5,16.108,0.00354,15492688,496355429.0,3.588907014681897,30.65
HK.00027,GALAXY ENT,2025-03-17 00:00:00,31.799999999,32.15,32.799999999,31.799999999,16.308,0.00291,12723963,417232014.0,1.259842519685035,31.75
HK.00027,GALAXY ENT,2025-03-18 00:00:00,32.6,32.549999999,32.7,32.049999999,16.508,0.00297,12986483,428354653.0,1.2441679595645476,32.15
HK.00027,GALAXY ENT,2025-03-19 00:00:00,32.549999999,33.1,33.2,32.299999999,16.783,0.00343,15025057,503400535.0,1.6897081444451547,32.549999999
HK.00027,GALAXY ENT,2025-03-20 00:00:00,33.25,32.35,33.35,32.299999999,16.408,0.00675,29549211,982833998.0,-2.2658610271903323,33.1
HK.00027,GALAXY ENT,2025-03-21 00:00:00,32.35,32.2,32.6,31.65,16.333,0.00564,24694079,804890030.0,-0.4636785162287436,32.35
HK.00027,GALAXY ENT,2025-03-24 00:00:00,32.2,31.95,32.2,31.549999999,16.208,0.00218,9540302,308614542.0,-0.7763975155279613,32.2
HK.00027,GALAXY ENT,2025-03-25 00:00:00,32.2,31.549999999,32.2,31.3,16.008,0.00273,11938802,383477947.0,-1.2519561846635325,31.95
HK.00027,GALAXY ENT,2025-03-26 00:00:00,31.549999999,31.549999999,31.799999999,31.15,16.008,0.00218,9523304,303862046.0,0.0,31.549999999
HK.00027,GALAXY ENT,2025-03-27 00:00:00,31.549999999,31.549999999,32.1,31.35,16.008,0.00212,9295834,298540728.0,0.0,31.549999999
HK.00027,GALAXY ENT,2025-03-28 00:00:00,31.65,30.95,31.75,30.75,15.709,0.00277,12105247,383412500.0,-1.90174326154998,31.549999999
HK.00027,GALAXY ENT,2025-03-31 00:00:00,30.95,29.9,30.95,29.7,15.184,0.00456,19971124,611643289.0,-3.3925686591276274,30.95
HK.00027,GALAXY ENT,2025-04-01 00:00:00,30.0,30.1,30.8,30.0,15.284,0.00248,10863274,334426243.0,0.6688963210702437,29.9
HK.00027,GALAXY ENT,2025-04-02 00:00:00,30.15,30.0,30.45,29.7,15.234,0.0019,8325619,253995804.0,-0.33222591362126713,30.1
HK.00027,GALAXY ENT,2025-04-03 00:00:00,29.35,29.65,29.75,29.25,15.059,0.00208,9084325,273065368.0,-1.1666666666666714,30.0
HK.00027,GALAXY ENT,2025-04-07 00:00:00,27.4,25.9,27.7,25.55,13.186,0.01025,44835894,1204685461.0,-12.647554806070826,29.65
HK.00027,GALAXY ENT,2025-04-08 00:00:00,25.65,25.65,26.55,25.2,13.061,0.00564,24682304,649299754.0,-0.9652509652509652,25.9
HK.00027,GALAXY ENT,2025-04-09 00:00:00,24.9,25.05,25.15,23.8,12.762,0.00568,24857655,621841158.0,-2.3391812865496995,25.65
HK.00027,GALAXY ENT,2025-04-10 00:00:00,25.55,26.05,26.6,25.4,13.261,0.00383,16756735,446241948.0,3.992015968063872,25.05
HK.00027,GALAXY ENT,2025-04-11 00:00:00,26.05,27.1,27.35,25.8,13.786,0.00508,22241456,604436535.0,4.030710172744724,26.05
HK.00027,GALAXY ENT,2025-04-14 00:00:00,27.45,27.5,27.7,26.9,13.986,0.00246,10775561,300379097.0,1.4760147601475961,27.1
HK.00027,GALAXY ENT,2025-04-15 00:00:00,27.8,26.5,27.85,26.25,13.486,0.00435,19019109,513946211.0,-3.6363636363636362,27.5
HK.00027,GALAXY ENT,2025-04-16 00:00:00,26.3,26.15,26.5,26.0,13.311,0.00421,18426476,492484342.0,-1.3207547169811376,26.5
HK.00027,GALAXY ENT,2025-04-17 00:00:00,26.0,26.85,27.0,25.95,13.661,0.00193,8430819,229435387.0,2.6768642447418847,26.15
HK.00027,GALAXY ENT,2025-04-22 00:00:00,26.5,26.85,26.85,26.2,13.661,0.00242,10597311,287211554.0,0.0,26.85
HK.00027,GALAXY ENT,2025-04-23 00:00:00,27.45,27.75,28.05,27.3,14.11,0.00406,17743402,500510100.0,3.351955307262564,26.85
HK.00027,GALAXY ENT,2025-04-24 00:00:00,27.75,27.65,28.1,27.3,14.06,0.00307,13441868,378823421.0,-0.3603603603603655,27.75
HK.00027,GALAXY ENT,2025-04-25 00:00:00,27.8,27.75,28.3,27.7,14.11,0.002,8752145,249596186.0,0.36166365280289847,27.65
HK.00027,GALAXY ENT,2025-04-28 00:00:00,27.75,27.45,28.0,27.4,13.961,0.00171,7489262,210548563.0,-1.0810810810810836,27.75
HK.00027,GALAXY ENT,2025-04-29 00:00:00,27.55,27.6,27.95,27.45,14.035,0.00163,7111326,200362590.0,0.5464480874317018,27.45
HK.00027,GALAXY ENT,2025-04-30 00:00:00,28.0,27.7,28.25,27.55,14.085,0.00279,12212386,345232333.0,0.3623188405797024,27.6
HK.00027,GALAXY ENT,2025-05-02 00:00:00,28.0,28.3,28.5,27.7,14.385,0.0025,10938997,314491105.0,2.1660649819494635,27.7
HK.00027,GALAXY ENT,2025-05-06 00:00:00,28.65,29.1,29.5,28.4,14.785,0.00383,16734763,494138487.0,2.826855123674914,28.3
HK.00027,GALAXY ENT,2025-05-07 00:00:00,29.6,29.7,30.0,29.4,15.084,0.00306,13381951,404326438.0,2.0618556701030855,29.1
HK.00027,GALAXY ENT,2025-05-08 00:00:00,29.7,29.9,30.2,29.45,15.184,0.0027,11820942,359931932.0,0.673400673400671,29.7
HK.00027,GALAXY ENT,2025-05-09 00:00:00,29.9,30.2,30.5,29.45,15.334,0.00328,14327952,439576628.0,1.0033444816053536,29.9
HK.00027,GALAXY ENT,2025-05-12 00:00:00,30.9,31.5,31.7,30.7,15.984,0.00556,24308045,775497255.0,4.304635761589407,30.2
HK.00027,GALAXY ENT,2025-05-13 00:00:00,31.45,31.4,31.75,30.7,15.934,0.00358,15640736,500025385.0,-0.317460317460322,31.5
HK.00027,GALAXY ENT,2025-05-14 00:00:00,31.6,31.549999999,31.7,31.25,16.008,0.00309,13508509,432362576.0,0.47770700318471987,31.4
HK.00027,GALAXY ENT,2025-05-15 00:00:00,31.25,31.3,31.7,31.0,15.884,0.00245,10716061,340678653.0,-0.792393023796906,31.549999999
HK.00027,GALAXY ENT,2025-05-16 00:00:00,31.2,31.6,31.799999999,30.9,16.033,0.00232,10166902,325364672.0,0.9584664536741236,31.3
HK.00027,GALAXY ENT,2025-05-19 00:00:00,31.45,31.15,31.549999999,31.0,15.809,0.00173,7577454,240523363.0,-1.4240506329114013,31.6
HK.00027,GALAXY ENT,2025-05-20 00:00:00,31.549999999,31.6,31.65,30.9,16.033,0.00226,9886943,315185166.0,1.444622792937409,31.15
HK.00027,GALAXY ENT,2025-05-21 00:00:00,31.65,31.05,31.75,30.95,15.759,0.00217,9478876,300182747.0,-1.7405063291139264,31.6
HK.00027,GALAXY ENT,2025-05-22 00:00:00,31.05,31.35,32.2,31.0,15.909,0.00333,14584734,467950077.0,0.9661835748792292,31.05
HK.00027,GALAXY ENT,2025-05-23 00:00:00,31.45,31.4,31.65,30.8,15.684,0.00207,9062226,283824253.0,0.15948963317383463,31.35
HK.00027,GALAXY ENT,2025-05-26 00:00:00,31.35,32.15,32.35,31.2,16.058,0.00305,13359124,427868390.0,2.388535031847134,31.4
HK.00027,GALAXY ENT,2025-05-27 00:00:00,32.15,33.0,33.2,31.95,16.483,0.00428,18707217,614797330.0,2.643856920684297,32.15
HK.00027,GALAXY ENT,2025-05-28 00:00:00,33.2,33.45,33.85,33.1,16.708,0.00274,11980744,400815518.0,1.3636363636363722,33.0
HK.00027,GALAXY ENT,2025-05-29 00:00:00,33.2,34.15,34.3,33.2,17.057,0.00349,15268175,518427120.0,2.0926756352765192,33.45
HK.00027,GALAXY ENT,2025-05-30 00:00:00,33.75,33.4,34.15,33.2,16.683,0.00262,11477913,384116502.0,-2.1961932650073206,34.15
HK.00027,GALAXY ENT,2025-06-02 00:00:00,33.35,34.0,34.1,33.0,16.983,0.00273,11964459,403682592.0,1.796407185628747,33.4
HK.00027,GALAXY ENT,2025-06-03 00:00:00,34.2,33.6,34.35,33.45,16.783,0.00182,7959964,269177004.0,-1.17647058823529,34.0
HK.00027,GALAXY ENT,2025-06-04 00:00:00,34.0,33.45,34.0,33.1,16.708,0.00138,6053737,202177235.0,-0.4464285714285672,33.6
HK.00027,GALAXY ENT,2025-06-05 00:00:00,33.7,33.85,34.0,33.5,16.908,0.00185,8090261,273126247.0,1.1958146487294425,33.45
HK.00027,GALAXY ENT,2025-06-06 00:00:00,34.2,33.7,34.5,33.5,16.833,0.00249,10891848,368126201.0,-0.4431314623338215,33.85
HK.00027,GALAXY ENT,2025-06-09 00:00:00,33.7,33.85,34.0,33.45,16.908,0.00158,6906470,232702063.0,0.44510385756676135,33.7
HK.00027,GALAXY ENT,2025-06-10 00:00:00,33.6,33.1,34.15,32.9,16.533,0.00325,14205722,473394848.0,-2.2156573116691285,33.85
HK.00027,GALAXY ENT,2025-06-11 00:00:00,33.3,33.6,33.75,33.15,16.783,0.00103,4488274,150476515.0,1.510574018126888,33.1
HK.00027,GALAXY ENT,2025-06-12 00:00:00,33.4,33.3,33.8,33.15,16.633,0.00237,10350760,345395631.0,-0.8928571428571555,33.6
HK.00027,GALAXY ENT,2025-06-13 00:00:00,33.05,32.75,33.15,32.35,16.358,0.00201,8783227,286997453.0,-1.6516516516516433,33.3
HK.00027,GALAXY ENT,2025-06-16 00:00:00,32.4,33.0,33.05,32.4,16.483,0.00249,10896458,357024955.0,0.7633587786259541,32.75
HK.00027,GALAXY ENT,2025-06-17 00:00:00,33.6,33.35,34.3,33.15,16.658,0.00365,15975672,537390329.0,1.0606060606060648,33.0
HK.00027,GALAXY ENT,2025-06-18 00:00:00,33.35,33.0,33.5,32.7,16.483,0.00218,9516296,315423216.0,-1.0494752623688197,33.35
HK.00027,GALAXY ENT,2025-06-19 00:00:00,32.9,32.05,32.9,31.8,16.008,0.00224,9801299,315352066.0,-2.8787878787878873,33.0
HK.00027,GALAXY ENT,2025-06-20 00:00:00,32.3,32.05,32.3,31.9,16.008,0.00141,6173269,197940277.0,0.0,32.05
HK.00027,GALAXY ENT,2025-06-23 00:00:00,32.0,33.05,33.05,31.45,16.508,0.00173,7554764,246081913.0,3.1201248049921997,32.05
HK.00027,GALAXY ENT,2025-06-24 00:00:00,32.65,34.05,34.15,32.65,17.007,0.00365,15978104,540513584.0,3.0257186081694405,33.05
HK.00027,GALAXY ENT,2025-06-25 00:00:00,34.3,35.2,35.4,34.15,17.582,0.00368,16081220,564106951.0,3.377386196769474,34.05
HK.00027,GALAXY ENT,2025-06-26 00:00:00,35.15,35.65,36.35,34.85,17.807,0.00407,17822062,636908808.0,1.2784090909090786,35.2
HK.00027,GALAXY ENT,2025-06-27 00:00:00,35.7,34.8,35.8,34.7,17.382,0.00262,11475029,402836224.0,-2.3842917251051934,35.65
HK.00027,GALAXY ENT,2025-06-30 00:00:00,34.9,34.85,35.1,34.4,17.407,0.00185,8112231,282449682.0,0.1436781609195525,34.8
HK.00027,GALAXY ENT,2025-07-02 00:00:00,38.0,36.85,38.05,36.6,18.406,0.0083,36321073,1351779199.0,5.738880918220947,34.85
HK.00027,GALAXY ENT,2025-07-03 00:00:00,37.2,37.0,37.6,36.8,18.481,0.00493,21571745,799926021.0,0.4070556309362241,36.85
HK.00027,GALAXY ENT,2025-07-04 00:00:00,37.05,37.15,37.35,36.8,18.556,0.00308,13488289,499538381.0,0.40540540540540154,37.0
HK.00027,GALAXY ENT,2025-07-07 00:00:00,37.15,37.5,37.6,36.85,18.731,0.00235,10267773,383469488.0,0.9421265141319015,37.15
HK.00027,GALAXY ENT,2025-07-08 00:00:00,37.5,38.2,38.25,37.15,19.08,0.00558,24417048,925126436.0,1.866666666666674,37.5
HK.00027,GALAXY ENT,2025-07-09 00:00:00,38.35,38.65,39.05,38.2,19.305,0.00517,22623517,873584662.0,1.1780104712041772,38.2
HK.00027,GALAXY ENT,2025-07-10 00:00:00,38.8,38.95,39.0,38.15,19.455,0.00279,12201928,472878745.0,0.7761966364812529,38.65
HK.00027,GALAXY ENT,2025-07-11 00:00:00,38.85,38.6,39.1,38.45,19.28,0.00255,11148606,432257024.0,-0.8985879332477572,38.95
HK.00027,GALAXY ENT,2025-07-14 00:00:00,38.55,38.3,38.7,37.7,19.13,0.00224,9804883,374500034.0,-0.7772020725388711,38.6
HK.00027,GALAXY ENT,2025-07-15 00:00:00,38.3,38.25,38.55,37.7,19.105,0.00343,14993431,570929606.0,-0.13054830287205524,38.3
HK.00027,GALAXY ENT,2025-07-16 00:00:00,38.45,38.25,38.45,38.1,19.105,0.00193,8453966,323693917.0,0.0,38.25
HK.00027,GALAXY ENT,2025-07-17 00:00:00,38.5,37.7,38.5,37.5,18.831,0.00139,6072124,229575269.0,-1.4379084967320188,38.25
HK.00027,GALAXY ENT,2025-07-18 00:00:00,37.85,37.35,38.15,37.15,18.656,0.00242,10588695,395746085.0,-0.9283819628647251,37.7
HK.00027,GALAXY ENT,2025-07-21 00:00:00,37.0,37.1,37.5,36.6,18.531,0.0041,17922582,665239789.0,-0.6693440428380187,37.35
HK.00027,GALAXY ENT,2025-07-22 00:00:00,37.1,37.0,37.45,36.65,18.481,0.00253,11053822,409536729.0,-0.26954177897574505,37.1
HK.00027,GALAXY ENT,2025-07-23 00:00:00,37.3,36.85,37.35,36.75,18.406,0.00312,13641999,503772414.0,-0.40540540540540154,37.0
HK.00027,GALAXY ENT,2025-07-24 00:00:00,36.95,38.0,38.4,36.65,18.981,0.00417,18248153,689482560.0,3.1207598371777436,36.85
HK.00027,GALAXY ENT,2025-07-25 00:00:00,37.7,37.6,38.1,37.4,18.781,0.00204,8912437,335759940.0,-1.0526315789473648,38.0
HK.00027,GALAXY ENT,2025-07-28 00:00:00,37.55,37.6,38.35,37.15,18.781,0.00453,19799033,747890665.0,0.0,37.6
HK.00027,GALAXY ENT,2025-07-29 00:00:00,37.6,38.5,38.65,37.3,19.23,0.00338,14800995,564670384.0,2.393617021276592,37.6
HK.00027,GALAXY ENT,2025-07-30 00:00:00,38.3,37.95,38.65,37.5,18.956,0.00395,17277791,656645006.0,-1.4285714285714213,38.5
HK.00027,GALAXY ENT,2025-07-31 00:00:00,38.0,38.4,38.7,38.0,19.18,0.00295,12915572,496350566.0,1.185770750988131,37.95
HK.00027,GALAXY ENT,2025-08-01 00:00:00,38.25,37.9,38.55,37.8,18.931,0.00233,10179265,387854317.0,-1.3020833333333335,38.4
HK.00027,GALAXY ENT,2025-08-04 00:00:00,37.92,38.78,38.8,37.6,19.37,0.00193,8429956,324567317.0,2.3218997361477642,37.9
HK.00027,GALAXY ENT,2025-08-05 00:00:00,38.8,40.14,40.56,38.44,20.049,0.00523,22858980,910876912.0,3.506962351727693,38.78
HK.00027,GALAXY ENT,2025-08-06 00:00:00,40.12,39.92,40.3,39.7,19.94,0.00216,9454412,377748796.0,-0.5480817140009937,40.14
HK.00027,GALAXY ENT,2025-08-07 00:00:00,40.78,41.28,41.6,40.36,20.619,0.00398,17426208,716845093.0,3.4068136272545075,39.92
HK.00027,GALAXY ENT,2025-08-08 00:00:00,41.18,40.74,41.4,40.42,20.349,0.003,13137857,535625958.0,-1.3081395348837188,41.28
HK.00027,GALAXY ENT,2025-08-11 00:00:00,40.74,39.56,40.86,39.12,19.76,0.00388,16955903,669809759.0,-2.896416298478153,40.74
HK.00027,GALAXY ENT,2025-08-12 00:00:00,39.32,40.18,40.52,39.1,20.069,0.0044,19255297,769765574.0,1.567239635995949,39.56
HK.00027,GALAXY ENT,2025-08-13 00:00:00,40.18,39.34,40.18,38.58,19.65,0.00439,19198984,751975645.0,-2.0905923344947643,40.18
HK.00027,GALAXY ENT,2025-08-14 00:00:00,39.68,39.96,40.44,39.32,19.96,0.00298,13047061,521476650.0,1.5760040671072635,39.34
HK.00027,GALAXY ENT,2025-08-15 00:00:00,39.82,39.52,39.98,39.3,19.74,0.00244,10686406,423124031.0,-1.1011011011010954,39.96
HK.00027,GALAXY ENT,2025-08-18 00:00:00,39.2,39.54,40.48,39.2,19.75,0.00195,8532165,340984993.0,0.05060728744938264,39.52
HK.00027,GALAXY ENT,2025-08-19 00:00:00,39.72,40.28,40.6,39.58,20.119,0.0023,10065546,405103945.0,1.8715225088518008,39.54
HK.00027,GALAXY ENT,2025-08-20 00:00:00,40.28,40.18,40.32,39.78,20.069,0.00158,6902637,276335546.0,-0.24826216484608096,40.28
HK.00027,GALAXY ENT,2025-08-21 00:00:00,40.0,40.2,40.3,39.48,20.079,0.00153,6715067,268786426.0,0.049776007964169054,40.18
HK.00027,GALAXY ENT,2025-08-22 00:00:00,40.2,40.08,40.26,39.92,20.019,0.00192,8405546,336552579.0,-0.29850746268657846,40.2
HK.00027,GALAXY ENT,2025-08-25 00:00:00,40.58,42.32,42.32,40.44,21.138,0.00512,22394913,931208080.0,5.588822355289427,40.08
HK.00027,GALAXY ENT,2025-08-26 00:00:00,42.3,42.08,43.0,41.94,21.018,0.00344,15038721,636728515.0,-0.5671077504725945,42.32
HK.00027,GALAXY ENT,2025-08-27 00:00:00,41.98,40.9,42.42,40.42,20.429,0.00334,14625531,600570830.0,-2.804182509505703,42.08
HK.00027,GALAXY ENT,2025-08-28 00:00:00,40.82,40.86,40.98,40.28,20.409,0.00205,8959161,364328219.0,-0.0977995110024429,40.9
HK.00027,GALAXY ENT,2025-08-29 00:00:00,41.1,41.0,41.48,40.94,20.479,0.00165,7230289,296907146.0,0.34263338228096074,40.86
HK.00027,GALAXY ENT,2025-09-01 00:00:00,41.64,41.08,41.64,40.9,20.519,0.00128,5592531,230329837.0,0.19512195121950804,41.0
HK.00027,GALAXY ENT,2025-09-02 00:00:00,41.08,41.22,42.04,41.02,20.589,0.00241,10562626,438063172.0,0.34079844206426624,41.08
HK.00027,GALAXY ENT,2025-09-03 00:00:00,42.06,41.0,42.06,40.94,20.479,0.00158,6909177,284698787.0,-0.5337214944201817,41.22
HK.00027,GALAXY ENT,2025-09-04 00:00:00,41.32,40.2,41.32,39.92,20.079,0.00275,12029963,485419455.0,-1.951219512195115,41.0
HK.00027,GALAXY ENT,2025-09-05 00:00:00,40.56,41.28,41.38,40.4,20.619,0.00231,10127732,416278424.0,2.6865671641791,40.2
HK.00027,GALAXY ENT,2025-09-08 00:00:00,41.1,41.52,41.76,40.64,20.739,0.00173,7583186,313994076.0,0.5813953488372141,41.28
HK.00027,GALAXY ENT,2025-09-09 00:00:00,41.88,41.52,42.04,41.3,20.739,0.00188,8233645,342796249.0,0.0,41.52
HK.00027,GALAXY ENT,2025-09-10 00:00:00,41.4,41.52,41.86,41.18,20.739,0.00196,8558516,355387103.0,0.0,41.52
HK.00027,GALAXY ENT,2025-09-11 00:00:00,41.2,42.06,42.14,40.82,21.008,0.00236,10316609,430220664.0,1.3005780346820788,41.52
HK.00027,GALAXY ENT,2025-09-12 00:00:00,43.3,42.3,43.46,42.12,21.128,0.00175,7657586,327595795.0,0.5706134094151091,42.06
